n_tab,coincidence_tab
-1,0.007504532129126253
0,0.4371779768030487
1,0.5090446197537722
2,0.3429590362334921
3,0.2521202442882834
4,0.2723597162759539
5,0.3153761310757117
