n_tab,coincidence_tab
-1,0.22285295275656197
0,0.34855422346093107
1,0.2216482834211788
2,0.21071388047880235
3,0.21294790890651358
4,0.21400606336882183
5,0.21395328476684508
