n_tab,coincidence_tab
-1,0.7157193277336199
0,0.8483076994338332
1,0.8164313101041887
2,0.8048299444814325
3,0.8044954724167994
4,0.8055856372941712
5,0.805697813714356
