n_tab,coincidence_tab
-1,0.6999945543865078
0,0.6185861129008601
1,0.5085939542627361
2,0.5127177582287168
3,0.5150309177982616
4,0.5148244491228687
5,0.5147364240668229
