n_tab,coincidence_tab
-1,0.4518721809494046
0,0.6077827002144436
1,0.5086898240011997
2,0.493705833127284
3,0.49506220364754794
4,0.4964838274764945
5,0.4965174170222485
