n_tab,coincidence_tab
-1,0.7432334387885333
0,0.6485981553743444
1,0.5109491911834446
2,0.5182923623539811
3,0.5227708289598454
4,0.5222218671754755
5,0.5219577889844924
