n_tab,coincidence_tab
-1,0.012397538882622428
0,0.4721893831111817
1,0.5111544385025388
2,0.4098315709402438
3,0.3685490749185738
4,0.3757753383681222
5,0.38874301430729274
