n_tab,coincidence_tab
-1,0.8605478937586976
0,0.8605478937586976
1,0.8161852819356968
2,0.8161852819356968
3,0.817148772885697
4,0.8171487728856968
5,0.8171126696171831
