n_tab,coincidence_tab
-1,0.2660305518490322
0,0.3487594272845617
1,0.22228149421829868
2,0.21641439818572797
3,0.21874226223061566
4,0.21922742366809303
5,0.2191443638256638
