n_tab,coincidence_tab
-1,0.5647721068130764
0,0.6121128029014868
1,0.5070546205396917
2,0.5037206693285801
3,0.5057911983881218
4,0.5060275288447638
5,0.5059547369287529
