n_tab,coincidence_tab
-1,0.024229433724789532
0,0.4919361716081003
1,0.5112930261732129
2,0.44356663472368213
3,0.4224902123756487
4,0.42625114797642977
5,0.43095332152606697
