n_tab,coincidence_tab
-1,0.8163710038574984
0,0.6508430834119064
1,0.5108078343313694
2,0.5215246919278749
3,0.5260927844260892
4,0.5254630025274465
5,0.5251932970187838
