n_tab,coincidence_tab
-1,0.03885534898006687
0,0.5040096826592935
1,0.5110432481288072
2,0.4630273706755732
3,0.45127436710676605
4,0.453517527774848
5,0.45548567397137685
