n_tab,coincidence_tab
-1,0.6165183490729187
0,0.6165183490729187
1,0.5094350852234115
2,0.5094350852234115
3,0.5116320064152607
4,0.5116320064152609
5,0.5115495815013517
