n_tab,coincidence_tab
-1,0.8207494064815442
0,0.8560245136634864
1,0.8146077657576714
2,0.8119877286335596
3,0.8127266710505935
4,0.8129110821379717
5,0.8128914778738214
