n_tab,coincidence_tab
-1,0.3492088147928146
0,0.3492088147928146
1,0.22362301700506393
2,0.22362301700506393
3,0.22593267844855566
4,0.22593267844855594
5,0.22584581965870953
