n_tab,coincidence_tab
0,0.31538877642558394
1,0.5073705384464566
2,0.3934217402374262
3,0.3885463252850766
4,0.4258661452810416
5,0.4351219189647265
6,0.42228835392534264
