ir_tab,uv_tab,coincidence_tab
0.0,50.26548245743669,0.4831784563747061
0.0,57.24679946541401,0.5008219641531527
0.0,64.22811647339132,0.5105538120333977
0.0,71.20943348136865,0.5144399411893635
0.0,78.19075048934596,0.517916585475646
0.0,85.17206749732328,0.5190562055934131
0.0,92.15338450530061,0.5207602422875037
0.0,99.13470151327792,0.5210897739150996
0.0,106.11601852125523,0.5221213256010446
0.0,113.09733552923255,0.5229411582716317
