n_tab,coincidence_tab
0,0.7276311732933626
1,0.515001837177297
2,0.515001837177297
3,0.532650018144817
4,0.5326500181277196
5,0.5299952295294086
6,0.529995229526862
