n_tab,coincidence_tab
0,0.5135391714694204
1,0.5071680856918718
2,0.4605619645479397
3,0.4690245066080653
4,0.48171907140631887
5,0.4817604392120447
6,0.4781769483691958
