n_tab,coincidence_tab
0,0.7276311732933626
1,0.515001837177297
2,0.515001837177297
3,0.5326500181448173
4,0.5326500182022111
5,0.5299952295294084
6,0.5299952296088142
