n_tab,coincidence_tab
0,0.6999945543865079
1,0.5085939542627361
2,0.5127177582287168
3,0.5150309177982617
4,0.5148244491228686
5,0.5147364240668229
6,0.5147466626025322
