n_tab,coincidence_tab
0,0.5647721068130765
1,0.5070546205396917
2,0.5037206693285794
3,0.5057911983881221
4,0.5060275288447643
5,0.5059547369287525
6,0.5059379765564157
