n_tab,coincidence_tab
0,0.7696616791030199
1,0.5109310956762532
2,0.5172595277519706
3,0.5196363269832962
4,0.5193775039675259
5,0.5192867235205513
6,0.5192968777907427
