ir_tab,uv_tab,coincidence_tab
0.0,50.26548245743669,0.4863873227226591
0.0,57.24679946541401,0.5032648639249653
0.0,64.22811647339132,0.5127179339903698
0.0,71.20943348136865,0.5165427884391187
0.0,78.19075048934596,0.5200558182920071
0.0,85.17206749732328,0.5212715736092242
0.0,92.15338450530061,0.5230669182764451
0.0,99.13470151327792,0.5234892440438708
0.0,106.11601852125523,0.5246105724476677
0.0,113.09733552923255,0.5255140585683908
