n_tab,coincidence_tab
0,0.5135391714694204
1,0.5071680856918657
2,0.5071680856918657
3,0.5130394278370691
4,0.524487248737336
5,0.5252476634626757
6,0.5221098324701505
