n_tab,coincidence_tab
0,0.31538877642558394
1,0.5073705384464566
2,0.3934217402374257
3,0.3885463252850768
4,0.4258661452810416
5,0.4351219189647266
6,0.4222883539251515
