n_tab,coincidence_tab
0,0.5121604881267673
1,0.5089148392995414
2,0.5008365093484187
3,0.5026726733588759
4,0.503329706673441
5,0.5032839523853567
6,0.5032303921063791
