n_tab,coincidence_tab
0,0.3860516158185116
1,0.5085557655577497
2,0.4831784563747061
3,0.48351715958182606
4,0.4863873227226591
5,0.4866588344054005
6,0.48633321899659415
