n_tab,coincidence_tab
0,0.3860516158185116
1,0.5085557655577497
2,0.48317845637470297
3,0.48351715958180685
4,0.48638732272265855
5,0.48665883440540025
6,0.48633321899659493
