n_tab,coincidence_tab
0,0.6165183490729188
1,0.5094350852234115
2,0.5094350852234115
3,0.5116320064152609
4,0.511632006415261
5,0.5115495815013515
6,0.5115495815013515
