n_tab,coincidence_tab
0,0.9615126374510427
1,0.5667573045155079
2,0.6517049051528434
3,0.7169503806000972
4,0.694141030271163
5,0.6706137780186494
6,0.6741401660771584
