n_tab,coincidence_tab
0,0.5135391714694204
1,0.5071680856918718
2,0.4605619645479491
3,0.4690245066080777
4,0.4817190714061429
5,0.48176043921178435
6,0.4781769483689199
