n_tab,coincidence_tab
0,0.6165183490729188
1,0.5094350852234115
2,0.5094350852234113
3,0.511632006415261
4,0.5116320062736652
5,0.5115495815013518
6,0.5115495812442501
