n_tab,coincidence_tab
0,0.9034433162863642
1,0.5220038791888684
2,0.5220038791888684
3,0.5555707483437506
4,0.5475826679971021
5,0.5402252534107983
6,0.5418948458281073
