n_tab,coincidence_tab
0,0.31538877642558394
1,0.5073705384464566
2,0.5073705384464566
3,0.4934158219474845
4,0.5246367313140439
5,0.5363091200427201
6,0.5275969578329083
