n_tab,coincidence_tab
0,0.4518721809494046
1,0.5086898240011994
2,0.49370583312728733
3,0.4950622036475478
4,0.4964838274764945
5,0.4965174170222494
6,0.4963819950369095
