n_tab,coincidence_tab
0,0.9615126374510427
1,0.5667573045155079
2,0.6517049051528424
3,0.7169503806000972
4,0.6941410302711628
5,0.6706137780186492
6,0.6741401660771774
