n_tab,coincidence_tab
0,0.9034433162863642
1,0.5220038791888626
2,0.5625074228205412
3,0.5947009977819827
4,0.5845520712504535
5,0.5773224932652312
6,0.5797036173853385
