n_tab,coincidence_tab
0,0.9034433162863642
1,0.5220038791888626
2,0.5625074228205122
3,0.5947009977819842
4,0.5845520712505374
5,0.5773224932652198
6,0.579703617385624
