n_tab,coincidence_tab
0,0.9615126374510427
1,0.5667573045155097
2,0.5667573045155097
3,0.6342420955695138
4,0.6221254594735094
5,0.6007274032425034
6,0.5995468852280279
