n_tab,coincidence_tab
-1,0.3066328471702545
0,0.3472481286125569
1,0.2215660824018718
2,0.21916517553897888
3,0.22149099851759074
4,0.2216631636433894
5,0.22157521696643967
