n_tab,coincidence_tab
-1,0.774654853173929
0,0.8535101769198932
1,0.8163302734916311
2,0.8100502872862352
3,0.8104053478989155
4,0.8109112817095464
5,0.8109292893693107
