n_tab,coincidence_tab
-1,0.76966167910302
0,0.6230079088216584
1,0.510931095676253
2,0.5172595277519706
3,0.5196363269832962
4,0.5193775039675259
5,0.5192867235205513
