n_tab,coincidence_tab
-1,0.5121604881267673
0,0.611489888710568
1,0.5089148392995414
2,0.5008365093484847
3,0.5026726733588759
4,0.503329706673441
5,0.5032839523853567
