ir_tab,uv_tab,coincidence_tab
3.141592653589793,62.83185307179586,0.5131413177233469
3.141592653589793,70.68583470577035,0.5181101670973636
3.141592653589793,78.53981633974482,0.5206718277160307
3.141592653589793,86.3937979737193,0.5232225970086386
3.141592653589793,94.24777960769379,0.5249270814008603
