ir_tab,uv_tab,coincidence_tab
9.42477796076938,62.83185307179586,0.5257027183150931
9.42477796076938,70.68583470577035,0.5304631095613901
9.42477796076938,78.53981633974482,0.5327913725658597
9.42477796076938,86.3937979737193,0.5351398761623538
9.42477796076938,94.24777960769379,0.5366755497474107
