ir_tab,uv_tab,coincidence_tab
12.566370614359172,62.83185307179586,0.5368584649758599
12.566370614359172,70.68583470577035,0.5413153229550133
12.566370614359172,78.53981633974482,0.5433851078433259
12.566370614359172,86.3937979737193,0.545530770657018
12.566370614359172,94.24777960769379,0.5469073982740595
