ir_tab,uv_tab,coincidence_tab
6.283185307179586,62.83185307179586,0.5182923623540472
6.283185307179586,70.68583470577035,0.5232003200933787
6.283185307179586,78.53981633974482,0.5256770808510832
6.283185307179586,86.3937979737193,0.528150022889176
6.283185307179586,94.24777960769379,0.529787554201459
