ir_tab,uv_tab,coincidence_tab
0.0,62.83185307179586,0.5094350852234115
0.0,70.68583470577035,0.5144134503752713
0.0,78.53981633974482,0.5170213578911141
0.0,86.3937979737193,0.5196208843055878
0.0,94.24777960769379,0.521370028488811
